ExtensionMood5776|?9,zJC3po|Kalayna.Flanery@EasyOnlineMail.net|
Known-Intention28|Dk%Seh3KI|Delshon.Huitt@AppMailer.org|
Fun_Shame_6062|t=S=W$t04nOrg&wY|Rejoice.Zelenka@AllFreeMail.net|

Fit-Twist-6760|o%s=j2IS(9S|Tychina.Deboer@AllFreeMail.net|
SufficientAge5995|306nR3iSY=G#zC.|Fahed.Stolz@IncorporatedMail.com|
Early-Adeptness2166|mP!^dPgv8h>g|Lekesia.Yarber@EasyMailer.live|
Bubbly_Choice2204|%03n%vyh6G7|Saniyah.Suniga@IncorporatedMail.com|
Negative-Macaroon-52|nmNzni08)|Marylisa.Hempstead@FreeMailOnline.us|
Huge-Supermarket5290|h!_IbiP^20NG|Zair.Lambertson@IncorporatedMail.com|
Jolly_Promotion8430|0O6Wkh^&dlK>*sUw|Staton.Tircuit@AllFreeMail.net|
Massive-Confidence94|_#e(y6BbB,m6^D|Jenesia.Hudgins@EasyMailer.live|
New-Professional5667|OkfMwQ7%|Xxavier.Lillibridge@AppMailer.org|
ArtichokeFair9777|j99X<sQ6U6+yJ|Kemareon.Benner@EasyMailer.live|
Professional_Key2914|>Uzct2?-qk|Espn.Trivedi@AppMailer.org|
PuzzledAgency7696|l5M8*OgXcX0zf(|Allesandra.Nees@AllFreeMail.net|
Puzzleheaded_Egg1046|Zn&3YuXZI|Verble.Jedlicka@IncorporatedMail.com|
Medical_Spray_8223|>ufDcz%EqAZEk.d2|Claranell.Wee@FreeMailOnline.us|
Inside_Bid8432|dp17lBYSysea!U|Avannah.Tondreau@IncorporatedMail.com|
Playful_Teaching8520|0ab1rnX=|Jazzminn.Stahly@FreeMailOnline.us|
Simple_Assistance_92|CJ?^rlyxv?0dTY|Saanvika.Lafleur@EasyMailer.live|
Designer-Simple-7412|.l!Ns8D9q|Teja.Granville@FreeMailOnline.us|
Professional-Fix4994|>AMFp$es_Fiqpd6|Jomo.Darville@AppMailer.org|
Ok-Championship4869|k2x45<_4N|Teel.Rainville@FreeMailOnline.us|
Big_Specialist4826|nWhy5gUF_+m5#NmV|Shammara.Beckham@AppMailer.org|
Apprehensive_Job_774|153m*jMyZ=_|Gyan.Gabaldon@EasyMailer.live|
Ok-Sea-9700|WD+OUd9GkSfq?Q9f|Makena.Tracy@FreeMailOnline.us|
Ok_Geologist6807|uxBWJ%&f$7v^MP|Merrideth.Mcgrory@IncorporatedMail.com|
Zestyclose_Mix_4539|WlbT#P6NHos7|Chirstine.Dorminey@AppMailer.org|
Excellent-Exercise78|?%KyM+1c5W|Lindly.Beers@EasyOnlineMail.net|
Inside_Fondant_2603|kFCp?G9103k|Germar.Berard@EasyMailer.live|
NoSituation9602|Eog&*Kd+2onLr|Isalei.Funkhouser@FreeMailOnline.us|
This_Common4736|!gu1WTWUs!^Gkb9|Wc.Galbraith@IncorporatedMail.com|
Intrepid-Seat8440|K)QMfnsYt$+gvBI1|Saeed.Spitzer@EasyOnlineMail.net|
True_Ad6004|UbzR6kSw*|Anat.Schug@FreeMailOnline.us|
PigletSweaty3418|=UIS,ag5Ai,|Trinita.Potts@AppMailer.org|
Maximum-Hunter4345|mLikDnm4QY9=XW>|Keshvi.Cutchin@IncorporatedMail.com|
East-One6439|&1)AJkP2QP0>|Deylan.Durfey@FreeMailOnline.us|
AdOutside6594|4rRh7hMDx.#>Cm|Lismary.Huseby@AllFreeMail.net|
Alarmed_Sugar_1113|30l,LGISqG%ghm|Kas.Tapley@AllFreeMail.net|
Flaky_Upstairs_6937|zwRZ,Ow5V59T*|Shamica.Stallings@AppMailer.org|
No_Performance4688|IuonK4_x+9=tjLz|Eliav.Giardina@AppMailer.org|Historical_Gold8876|#,7Y=Mmy|Shanga.Slocumb@IncorporatedMail.com|
ImaginationCandid861|lv4U&Ph-|Amiina.Franko@EasyOnlineMail.net|
CommercialBand910|.LSLzk-lEc8$4.|Lones.Penman@AppMailer.org|
CraftyLight6828|9yBea.+z#-O|Louvenia.Dunn@AppMailer.org|
Nearby_Following2194|mY5kwX+6.4o|Prestina.Grauberger@EasyMailer.live|
Silver-Disaster-6757|j1.YlZIGfDeeU7|Jaima.Rivett@AllFreeMail.net|
Free_Bother593|ip8YI>SN|Ciyanna.Kapur@IncorporatedMail.com|
FullAd7648|so<5VaW<5g|Imalay.Fanning@AppMailer.org|
No-Still-3827|kBg&KEy)w6|Gaosheng.Trice@AppMailer.org|
Additional_Raisin639|GR2!lxTOY|Makynlee.Arthurs@FreeMailOnline.us|
Tricky-Journalist288|8Hy+m=fJ.|Lunna.Guthridge@IncorporatedMail.com|
Dear-Anteater-7855|?^BIC1n,p&qW|Yowanda.Detrick@IncorporatedMail.com|
Salty-Ad8464|ZIiyoOu(63l|Jeriann.Sarles@AllFreeMail.net|
ExplanationNo7775|d4&5A_%s^5|Iven.Macy@AppMailer.org|
Ok-Judgment2734|s$#1nOTpG%A>|Tadarian.Norcross@FreeMailOnline.us|
BeingHistorical3159|)oe1pa&zmUpVlJn5|Letrell.Bish@EasyOnlineMail.net|
Current-Ad-2730|k$o1%<qT2D4!z|Jahiya.Heather@AllFreeMail.net|
Vast_Sign_361|_1<rkH&7<8-&HY|Shiela.Pelham@FreeMailOnline.us|
Used_Cupcake4535|U4#p31%.l|Amalee.Dimatteo@FreeMailOnline.us|
Similar-Ad9579|3&owvJ6a|Ferdinanda.Delarosa@FreeMailOnline.us|
Sufficient_Bee_2965|(a+_1bBz|Khiem.Blaney@IncorporatedMail.com|
Apprehensive_Song104|0%2t*o23=yhgUu|Michaelandrew.Peralta@FreeMailOnline.us|
Delicious-Writing-10|K.d!KTmRV9Rgt?8r|Cathrina.Aguinaga@FreeMailOnline.us|
Away_Firefighter4744|s.$!3yQKQ)|Lakishia.Raasch@IncorporatedMail.com|
Able-Commission-7594|4gz6DhUDZcoJ)rmP|Tyahna.Pauley@EasyOnlineMail.net|
North_Inside3231|In4Pt*Cm|Madalen.Osterman@EasyOnlineMail.net|
Humble_Laugh_7395|#a5QeBLdE>JE|Giuseppina.Ball@AppMailer.org|
Informal-Ad-1093|yZvr!#3I)|Shakye.Bonebrake@FreeMailOnline.us|
Express_Dish6265|04VXk<TpElvF>T)&|Knicole.Fawbush@AppMailer.org|
AggravatingGroup2119|dzVocL>j>b#&9pd|Amelina.Coy@IncorporatedMail.com|
That_Variety822|YI>w.AlpOg5h4|Timaree.Jiang@IncorporatedMail.com|
Public-Intention6212|KL!,E<5s<*Lo.t|Hayoon.Thode@IncorporatedMail.com|
Ok_Presentation2178|4BHhg<JS6XRh|Erhardt.Thierry@IncorporatedMail.com|
Complete_Okra_6925|pqOON+xg7oLTZw|Carnie.Dotts@EasyMailer.live|
Regular-Extent3250|_)-mYP6m|Brittini.Eisenbarth@EasyMailer.live|
Total-Treacle-716|dh<jP()0nEof|Promisse.Wieck@EasyMailer.live|
BarnacleCommon976|tVb?,764?k$NTGH|Keilani.Winder@AppMailer.org|
Neither-Building-524|nF-1q%_o|Nellann.Himel@AppMailer.org|
Complex_Motor4864|#pWUIm0oTk,$5|Ogechi.Pinson@EasyOnlineMail.net|
LastSeaworthiness893|UZx1i8N<|Maddielynn.Corkill@AppMailer.org|
Shot_Celery_1526|k#Xy6v^BW.-Ycc$*|Abdirisaq.Gutowski@FreeMailOnline.us|
Icy_Philosopher_7075|PP6+KimAGGO05a^>|Pars.Wenrich@EasyOnlineMail.net|
Opening-Cash8771|lKukRM0Bf<|Paje.Rhynes@AllFreeMail.net|
OkPoem6074|uwi^12zBZ1o|Astraea.Donnellan@FreeMailOnline.us|
Icy-Mix4615|LDr%UNWzWK4p|Kamesha.Stfleur@IncorporatedMail.com|
SprinklesSlow8569|w8^&?Mj)2O|Ryner.Paglia@AppMailer.org|
Ambitious-Medium-836|M>e+2eln<|Kahila.Smits@AllFreeMail.net|
Royal-Ride5510|7%ilVf7FRsb|Korday.Landgraf@FreeMailOnline.us|
Resident-Account-492|I_hSH+$?MWe849-|Dontario.Bundy@IncorporatedMail.com|
Sad_Experience_8178|tN<3mMM(C+|Shanei.Abdulla@AppMailer.org|
Asleep-Boat5554|_#LTtWh6,B$i2|Yaseer.Mcaninch@FreeMailOnline.us|
Flat_Beginning9913|yfG>1*U-C|Lorrina.Sequeira@FreeMailOnline.us|
AutomaticSelection62|_i7!Zfiml-pj|Cahlil.Shakespeare@EasyMailer.live|
Dry-Alfalfa7418|t6FrHc!)a5%0dK|Tao.Rickett@FreeMailOnline.us|
Guilty_Demand8853|MYL3DG=c|Macailah.Cullen@EasyMailer.live|
Mission-Whereas1272|29+oW,eVbI|Landynn.Tubman@FreeMailOnline.us|
ToeIcy164|X5tPA$*&|Luddie.Wilcoxen@EasyMailer.live|
Choice-Confusion7493|V+8)yASJZRwE|Emonte.Behan@FreeMailOnline.us|
Far-Book-9137|0mXR2y3.pDUpGSoq|Cyarah.Isabel@EasyMailer.live|
Specialist-Pop6576|SynpkG-6%Vqn<|Quaniqua.Jawad@AllFreeMail.net|
Empty_Lead_7581|*zrr9vBa14|Ellynn.Ying@AppMailer.org|
Appropriate_Yak8296|ke?S_SBUE2|Sheridyn.Byler@FreeMailOnline.us|
Public-Brother-2646|^b4%*1FL+q|Negeen.Sherlock@AppMailer.org|
Cultural-Conflict466|0&2Y)dN1ehp|Kepler.Perrault@EasyOnlineMail.net|
WeakReporter6125|LQD9X,)c-Iy|Ailene.Portales@EasyMailer.live|
Asleep_Rice_8773|hpkZ^Wsfr#*b9=l-|Ciyah.Brannan@IncorporatedMail.com|
No-Fig-416|3o82goKU?cYE<Qc|Akeema.Ford@AppMailer.org|
JunketNo9196|gW0iFu6&UR?l?0Y)|Tifany.Ledezma@FreeMailOnline.us|
Sad_Teaching675|F0u^j$fms|Royalty.Kmiecik@AllFreeMail.net|
AdAdmirable320|^CHk_FL<x70|Aiesha.Coury@EasyOnlineMail.net|
Alarmed_Code3222|Z>2hkc(FZC|Bharath.Spackman@IncorporatedMail.com|
Quirky_Classroom_302|t56S0G?j|Oracio.Mckinnie@EasyMailer.live|
Educational_Foot_881|g,N_890!L2n^4|Madax.Berke@EasyOnlineMail.net|
Disastrous_Comment76|6Vn>Id??6y|Roniqua.Prejean@AllFreeMail.net|
ThinConclusion6282|P%Ews3moH?u%6Z|Deannia.Feggins@AllFreeMail.net|
